constant type,value,seconds required
trivial_l2,2939160672251.904,0.0004630088806152344
trivial_l1,577038123008.0,0.00030422210693359375
ECLipsE,"tensor(0.0559, dtype=torch.float64)",1.91227388381958
ECLipsE_Fast,"tensor(0.0559, dtype=torch.float64)",0.011338233947753906
accuracy on train,0.11236666666666667,0
accuracy on test,0.1135,0
dmoc_union_E,6.275521671371037e-09,173.08606505393982
dmoc_train_E,6.275521671371037e-09,126.1693525314331
dmoc_test_E,4.911827299522721e-09,3.217848062515259
