Row,Model_0,Model_1,Model_2,Model_3,Model_4,Model_5,Model_6,Model_7,Model_8
Arel_data_trained__union_union,0.38353920037391,0.281312261112222,0.202437231461494,1,1,0.99999998165549,0.997027216141006,0.967151008352258,0.958211669622841
Srel_data_trained__union_union,0.61646079962609,0.718687738887778,0.797562768538506,0,0,1.83445102441837e-08,0.0029727838589938,0.032848991647742,0.0417883303771595
r_data_trained__union_union,0.642960711275107,0.721147108165096,0.783989758696923,NaN,NaN,0.617477987048281,0.492257018471134,0.520530578064674,0.505117990631333
Arel_data_untrained__union_union,0.98705160854802,0.97917960348984,0.991933249325822,1,0.999999978926576,0.999999975348311,0.996873178910494,0.99809036995059,0.995988969108661
Srel_data_untrained__union_union,0.0129483914519802,0.0208203965101595,0.00806675067417839,0,2.10734242278576e-08,2.46516886903692e-08,0.00312682108950635,0.00190963004940981,0.0040110308913387
r_data_untrained__union_union,0.508242921101412,0.453974610371583,0.54143325071576,NaN,0.999999999999979,0.68558479991218,0.416347829907485,0.586576959072664,0.440979353433385
Arel_data_trained__union_train,0.386643711976111,0.288912883219894,0.213487671909165,1,1,0.99999998165549,0.997037750415849,0.967279650789685,0.958379535385855
Srel_data_trained__union_train,0.613356288023889,0.711087116780106,0.786512328090835,0,0,1.83445102441837e-08,0.00296224958415092,0.0327203492103146,0.0416204646141454
r_data_trained__union_train,0.64369927429874,0.715983569328296,0.768627965669645,NaN,NaN,0.617477987048281,0.490467165244484,0.517206733365548,0.505483338683455
Arel_data_untrained__union_train,0.987183608650697,0.979235523435588,0.991950662359213,1,0.999999981991754,0.999999975348311,0.996872696645599,0.99815218786403,0.996001827741891
Srel_data_untrained__union_train,0.0128163913493031,0.0207644765644118,0.00804933764078697,0,1.80082458944852e-08,2.46516886903692e-08,0.00312730335440103,0.00184781213597007,0.00399817225810939
r_data_untrained__union_train,0.50541085051257,0.455185534780404,0.549725524937449,NaN,0.721958071561713,0.68558479991218,0.422061888060251,0.592757116526773,0.442267240995888
