Row,Model_10,Model_100,Model_1000
Arel_data_trained__union_union,0.36831501658926,0.848577100728718,0.835960323910775
Srel_data_trained__union_union,0.63168498341074,0.151422899271282,0.164039676089225
r_data_trained__union_union,0.885246766397281,-2.25729035398809e-15,-2.36941994476962e-15
Arel_data_untrained__union_union,0.999922018615001,0.99998923542693,0.99998847700346
Srel_data_untrained__union_union,7.79813849991484e-05,1.07645730695882e-05,1.15229965396146e-05
r_data_untrained__union_union,0.909045438768084,-4.29642936072468e-16,1.14389585573378e-15
Arel_data_trained__union_train,0.36766764004032,0.848578079960559,0.83619549363744
Srel_data_trained__union_train,0.63233235995968,0.151421920039441,0.16380450636256
r_data_trained__union_train,0.885675759124915,-1.69764156325757e-15,-1.94213462714819e-15
Arel_data_untrained__union_train,0.999922166534693,0.99998924938381,0.999988477929193
Srel_data_untrained__union_train,7.78334653067647e-05,1.07506161900472e-05,1.1522070807457e-05
r_data_untrained__union_train,0.909043341993881,-2.93128549656357e-16,1.16856884530036e-15
